<?xml version="1.0" encoding="UTF-8"?>
<metadata xml:lang="en"><Esri><CreaDate>20161120</CreaDate><CreaTime>13422200</CreaTime><ArcGISFormat>1.0</ArcGISFormat><SyncOnce>TRUE</SyncOnce><DataProperties><lineage><Process ToolSource="c:\program files (x86)\arcgis\desktop10.4\ArcToolbox\Toolboxes\Data Management Tools.tbx\CopyRaster" Date="20161120" Time="134222">CopyRaster "\\VBOXSVR\maples\Box Sync\SGC_Intro_GIS_Series\Raster\EX_05_Raster\Raster.gdb\_NAIP_4_Color_Band_Orthophotography1" "\\VBOXSVR\maples\Box Sync\SGC_Intro_GIS_Series\Raster with QGIS\Data\Raster\NAIP_4_Band_Ortho.tif" # # 255 NONE ColormapToRGB # NONE NONE TIFF NONE</Process></lineage></DataProperties></Esri></metadata>
