<metadata><Esri><CreaDate>20090729</CreaDate><CreaTime>12134000</CreaTime><SyncOnce>FALSE</SyncOnce><ModDate>20161120</ModDate><ModTime>13394000</ModTime><SyncDate>20161120</SyncDate><SyncTime>13394000</SyncTime><MetaID>{29E6A678-E48D-4004-889E-6DE93F935951}</MetaID><DataProperties><lineage><Process ToolSource="C:\Program Files\ArcGIS\ArcToolbox\Toolboxes\Data Management Tools.tbx\CopyRaster" Date="20090916" Time="092950">CopyRaster D:\Patrons_and_Projects\Colleen_Murphy_Dunning\Urban_Mods_2009\UTC_Data\UTC_NewHaven\LandCover_NewHaven_2008.img "Database Connections\sde@Mercator_FES_Tree_Inventory@direct.sde\FES_Tree_Inventory.SDE.LandCover_NewHaven_2008" # # # NONE NONE #</Process><Process ToolSource="C:\Program Files (x86)\ArcGIS\Desktop10.0\ArcToolbox\Toolboxes\Data Management Tools.tbx\CopyRaster" Date="20101115" Time="145017">CopyRaster "Database Connections\gisviewer@uri@FESSKADI@direct.sde\URI.SDE.LANDCOVER_NEWHAVEN_2008" "E:\GIS_Projects\Instruction\Yale Workshops\Raster\Raster.gdb\LANDCOVER_NEWHAVEN_2008" # # # NONE NONE #</Process><Process ToolSource="c:\program files (x86)\arcgis\desktop10.4\ArcToolbox\Toolboxes\Data Management Tools.tbx\CopyRaster" Date="20161120" Time="133940">CopyRaster "\\VBOXSVR\maples\Box Sync\SGC_Intro_GIS_Series\Raster\EX_05_Raster\Raster.gdb\LANDCOVER_NEWHAVEN_2008" "\\VBOXSVR\maples\Box Sync\SGC_Intro_GIS_Series\Raster with QGIS\Data\Raster\New_Haven_LULC.tif" # # 255 NONE NONE # NONE NONE TIFF NONE</Process></lineage><itemProps><itemName Sync="TRUE">New_Haven_LULC.tif</itemName><imsContentType Sync="TRUE">002</imsContentType><nativeExtBox><westBL Sync="TRUE">931314.647093</westBL><eastBL Sync="TRUE">970179.398364</eastBL><southBL Sync="TRUE">649930.609992</southBL><northBL Sync="TRUE">689120.163760</northBL><exTypeCode Sync="TRUE">1</exTypeCode></nativeExtBox><itemLocation><linkage Sync="TRUE">file://\\VBOXSVR\maples\Box Sync\SGC_Intro_GIS_Series\Raster with QGIS\Data\Raster\New_Haven_LULC.tif</linkage><protocol Sync="TRUE">Local Area Network</protocol></itemLocation></itemProps><coordRef><type Sync="TRUE">Projected</type><geogcsn Sync="TRUE">GCS_North_American_1983</geogcsn><projcsn Sync="TRUE">NAD_1983_StatePlane_Connecticut_FIPS_0600_Feet</projcsn><peXml Sync="TRUE">&lt;ProjectedCoordinateSystem xsi:type='typens:ProjectedCoordinateSystem' xmlns:xsi='http://www.w3.org/2001/XMLSchema-instance' xmlns:xs='http://www.w3.org/2001/XMLSchema' xmlns:typens='http://www.esri.com/schemas/ArcGIS/10.4'&gt;&lt;WKT&gt;PROJCS[&amp;quot;NAD_1983_StatePlane_Connecticut_FIPS_0600_Feet&amp;quot;,GEOGCS[&amp;quot;GCS_North_American_1983&amp;quot;,DATUM[&amp;quot;D_North_American_1983&amp;quot;,SPHEROID[&amp;quot;GRS_1980&amp;quot;,6378137.0,298.257222101]],PRIMEM[&amp;quot;Greenwich&amp;quot;,0.0],UNIT[&amp;quot;Degree&amp;quot;,0.0174532925199433]],PROJECTION[&amp;quot;Lambert_Conformal_Conic&amp;quot;],PARAMETER[&amp;quot;False_Easting&amp;quot;,999999.999996],PARAMETER[&amp;quot;False_Northing&amp;quot;,499999.999998],PARAMETER[&amp;quot;Central_Meridian&amp;quot;,-72.75],PARAMETER[&amp;quot;Standard_Parallel_1&amp;quot;,41.2],PARAMETER[&amp;quot;Standard_Parallel_2&amp;quot;,41.86666666666667],PARAMETER[&amp;quot;Latitude_Of_Origin&amp;quot;,40.83333333333334],UNIT[&amp;quot;Foot_US&amp;quot;,0.3048006096012192],AUTHORITY[&amp;quot;EPSG&amp;quot;,2234]]&lt;/WKT&gt;&lt;XOrigin&gt;-119756300&lt;/XOrigin&gt;&lt;YOrigin&gt;-96342500&lt;/YOrigin&gt;&lt;XYScale&gt;37294945.500735737&lt;/XYScale&gt;&lt;ZOrigin&gt;-100000&lt;/ZOrigin&gt;&lt;ZScale&gt;10000&lt;/ZScale&gt;&lt;MOrigin&gt;-100000&lt;/MOrigin&gt;&lt;MScale&gt;10000&lt;/MScale&gt;&lt;XYTolerance&gt;0.0032808333333333331&lt;/XYTolerance&gt;&lt;ZTolerance&gt;0.001&lt;/ZTolerance&gt;&lt;MTolerance&gt;0.001&lt;/MTolerance&gt;&lt;HighPrecision&gt;true&lt;/HighPrecision&gt;&lt;WKID&gt;102656&lt;/WKID&gt;&lt;LatestWKID&gt;2234&lt;/LatestWKID&gt;&lt;/ProjectedCoordinateSystem&gt;</peXml><csUnits Sync="TRUE">Linear Unit: Foot_US (0.304801)</csUnits></coordRef><RasterProperties><General><PixelDepth Sync="TRUE">8</PixelDepth><HasColormap Sync="TRUE">TRUE</HasColormap><CompressionType Sync="TRUE">LZW</CompressionType><NumBands Sync="TRUE">1</NumBands><Format Sync="TRUE">TIFF</Format><HasPyramids Sync="TRUE">TRUE</HasPyramids><SourceType Sync="TRUE">discrete</SourceType><PixelType Sync="TRUE">unsigned integer</PixelType><NoDataValue Sync="TRUE">255</NoDataValue></General></RasterProperties></DataProperties></Esri><metainfo><langmeta Sync="TRUE">en</langmeta><metstdn Sync="TRUE">FGDC Content Standards for Digital Geospatial Metadata</metstdn><metstdv Sync="TRUE">FGDC-STD-001-1998</metstdv><mettc Sync="TRUE">local time</mettc><metc><cntinfo><cntaddr><addrtype>mailing and physical address</addrtype><city>Burlington</city><state>VT</state><postal>05405</postal><address>81 Carrigan Drive</address><address>Aiken Center Room 220</address><country>USA</country></cntaddr><cntvoice>802-656-3324</cntvoice><cntperp><cntper>Jarlath O'Neil-Dunne</cntper><cntorg>University of Vermont Spatial Analysis Laboratory</cntorg></cntperp><cntpos>Geospatial Analyst</cntpos><cntfax>802-656-8683</cntfax><cntemail>joneildu@uvm.edu</cntemail></cntinfo></metc><metd Sync="TRUE">20090916</metd></metainfo><mdDateSt Sync="TRUE">20161120</mdDateSt><idinfo><native Sync="TRUE">Microsoft Windows XP Version 5.1 (Build 2600) Service Pack 3; ESRI ArcCatalog 9.3.1.3000</native><descript><langdata Sync="TRUE">en</langdata><abstract>High resolution land cover dataset for New Haven, CT. Seven land cover classes were mapped: (1) tree canopy, (2) grass/shrub, (3) bare earth, (4) water, (5) buildings, (6) roads, and (7) other paved surfaces.  The primary source for this land cover layer was 2008 NAIP imagery (3.28ft).  Other sources of data include the City's planimetric GIS database (building footprints, railroad polygons, vegetation, surface water and road polygons).  The land cover classification was performed using automated object-based image analysis (OBIA) techniques in Definiens Developer/eCognition Server.
No accuracy assessment was conducted, but the dataset was thoroughly reviewed at a scale of 1:2000.  Over 8000 corrections were made to the classification.</abstract><purpose>Urban Tree Canopy (UTC) Assessment for the New Haven, CT.</purpose><supplinf>This project was executed in collaboration with the city of New Haven, the Urban Resources Initiative at the Yale School of Forestry &amp; Environmental Studies, The University of Connecticut’s Center for Land Use Education &amp; Research, and the State of Connecticut Department of Environmental Protection. The methods used were developed by the University of Vermont Spatial Analysis Laboratory with funding from the USDA Forest Service.</supplinf></descript><citation><citeinfo><origin>University of Vermont Spatial Analysis Laboratory</origin><pubdate>20090715</pubdate><title>Land cover classification for New Haven, CT</title><ftname Sync="TRUE">FES_Tree_Inventory.SDE.LandCover_NewHaven_2008</ftname><geoform Sync="TRUE">SDE raster digital data</geoform><onlink Sync="TRUE">Service=sde:sqlserver:MERCATOR; Database=FES_Tree_Inventory; User=sde; Version=sde.DEFAULT</onlink></citeinfo></citation><ptcontac><cntinfo><cntaddr><address>81 Carrigan Drive</address><addrtype>mailing and physical address</addrtype><address>Aiken Room 220</address><city>Burlington</city><state>VT</state><postal>05405</postal><country>USA</country></cntaddr><cntperp><cntper>Jarlath O'Neil-Dunne</cntper><cntorg>University of Vermont Spatial Analysis Laboratory</cntorg></cntperp><cntpos>Geospatial Analyst</cntpos><cntvoice>802-656-3324</cntvoice><cntfax>802-656-8683</cntfax><cntemail>joneildu@uvm.edu</cntemail></cntinfo></ptcontac><datacred>University of Vermont Spatial Analysis Laboratory</datacred><natvform Sync="TRUE">SDE Raster Dataset</natvform><spdom><lboundng><leftbc Sync="TRUE">931314.647093</leftbc><rightbc Sync="TRUE">970179.398365</rightbc><bottombc Sync="TRUE">649930.609992</bottombc><topbc Sync="TRUE">689120.163760</topbc></lboundng><bounding><westbc Sync="TRUE">-73.000169</westbc><eastbc Sync="TRUE">-72.858435</eastbc><northbc Sync="TRUE">41.352328</northbc><southbc Sync="TRUE">41.244551</southbc></bounding></spdom><accconst>None</accconst><useconst>None</useconst><keywords><theme><themekey>Land cover</themekey><themekt>None</themekt><themekey>UTC</themekey><themekey>Urban</themekey><themekey>tree canopy</themekey></theme><place><placekey>New Haven</placekey><placekey>Connecticut </placekey><placekt>None</placekt></place><temporal><tempkey>2009</tempkey><tempkt>None</tempkt></temporal></keywords><timeperd><current>ground condition</current><timeinfo><sngdate><caldate>20090515</caldate></sngdate></timeinfo></timeperd><status><progress>Complete</progress><update>None planned</update></status></idinfo><mdLang><languageCode Sync="TRUE" value="eng"></languageCode><countryCode value="USA" Sync="TRUE"></countryCode></mdLang><mdStanName Sync="TRUE">ISO 19115 Geographic Information - Metadata</mdStanName><mdStanVer Sync="TRUE">DIS_ESRI1.0</mdStanVer><mdChar><CharSetCd Sync="TRUE" value="004"></CharSetCd></mdChar><mdHrLv><ScopeCd Sync="TRUE" value="005"></ScopeCd></mdHrLv><mdHrLvName Sync="TRUE">dataset</mdHrLvName><dataqual><lineage><srcinfo><srcscale>3.28ft</srcscale><srccitea>NAIP 2008</srccitea><srccite><citeinfo/></srccite><srctime><timeinfo><sngdate><caldate>20090715</caldate></sngdate></timeinfo><srccurr>ground condition</srccurr></srctime><srccontr>NAIP 2008 imagery</srccontr></srcinfo><procstep><procdesc>Object based image analysis (OBIA) using a rule-based expert system</procdesc><procsv>Definiens Developer 7.0.4</procsv><procdate>20090715</procdate><srcused>Road Polygons</srcused><srcused>Buildings</srcused><srcused>Surface water</srcused><srcused>Vegetation Polgyons</srcused><srcused>Railroads</srcused></procstep><srcinfo><srcscale>unknown</srcscale><srccitea>Buildings</srccitea><srccontr>Planimetric data: building footprints</srccontr><srccite><citeinfo><pubdate>20090301</pubdate><title>Buildings</title></citeinfo></srccite><typesrc>Geodatabase</typesrc><srctime><timeinfo><sngdate><caldate>20090301</caldate></sngdate></timeinfo><srccurr>ground condition</srccurr></srctime></srcinfo><procstep><procdesc>Manual corrections to land cover classification</procdesc><procsv>ArcGIS 9.3</procsv><procdate>20090511</procdate></procstep><srcinfo><srccite><citeinfo><title>Roads</title><pubdate>20090301</pubdate></citeinfo></srccite><srcscale>unknown</srcscale><typesrc>Geodatabase</typesrc><srctime><timeinfo><sngdate><caldate>20090301</caldate></sngdate></timeinfo><srccurr>ground condition</srccurr></srctime><srccitea>Road_Polygons</srccitea><srccontr>Planimetric data: road casing polygons</srccontr></srcinfo><procstep><procdesc Sync="TRUE">Metadata imported.</procdesc><srcused Sync="TRUE">D:\Anna\template\landcover.xml</srcused><procdate Sync="TRUE">20090722</procdate><proctime Sync="TRUE">12465100</proctime></procstep><srcinfo><srcscale>unknown</srcscale><typesrc>geodatabase</typesrc><srccitea>Railroads</srccitea><srccontr>Planimetric data: railroad polygons</srccontr></srcinfo><srcinfo><srcscale>unknown</srcscale><typesrc>geodatabase</typesrc><srccitea>vegetation_polygons</srccitea><srccontr>Planimetric data: vegetation polygons</srccontr></srcinfo><srcinfo><srcscale>unknown</srcscale><typesrc>geodatabase</typesrc><srccitea>Water</srccitea><srccontr>Planimetric data: surface water polygons</srccontr></srcinfo><procstep><procdesc Sync="TRUE">Dataset copied.</procdesc><srcused Sync="TRUE">T:\TestSites\CT\NewHaven\Data\LandCover_NewHaven_2008.img</srcused><procdate Sync="TRUE">20090729</procdate><proctime Sync="TRUE">12134000</proctime></procstep></lineage><logic>Valid raster dataset.</logic><complete>Complete for New Haven, CT. based on boundaries as of July 2009.</complete><posacc><horizpa><horizpar>Unknown.</horizpar></horizpa></posacc><attracc><attraccr>No accuracy assessment was conducted, but the dataset was thoroughly reviewed at a scale of 1:2000 or greater. Over 8000 corrections were made.</attraccr></attracc></dataqual><dataIdInfo><envirDesc Sync="TRUE">Microsoft Windows 7 Version 6.1 (Build 7601) Service Pack 1; Esri ArcGIS 10.4.1.5686</envirDesc><dataLang><languageCode Sync="TRUE" value="eng" country="USA"></languageCode><countryCode value="USA" Sync="TRUE"></countryCode></dataLang><idCitation><resTitle Sync="TRUE">New_Haven_LULC.tif</resTitle><presForm><PresFormCd Sync="TRUE" value="005"></PresFormCd></presForm></idCitation><spatRpType><SpatRepTypCd Sync="TRUE" value="002"></SpatRepTypCd></spatRpType><dataExt><geoEle><GeoBndBox esriExtentType="search"><westBL Sync="TRUE">-73.000169</westBL><eastBL Sync="TRUE">-72.858435</eastBL><northBL Sync="TRUE">41.352328</northBL><southBL Sync="TRUE">41.244551</southBL><exTypeCode Sync="TRUE">1</exTypeCode></GeoBndBox></geoEle></dataExt><geoBox esriExtentType="decdegrees"><westBL Sync="TRUE">-73.000169</westBL><eastBL Sync="TRUE">-72.858435</eastBL><northBL Sync="TRUE">41.352328</northBL><southBL Sync="TRUE">41.244551</southBL><exTypeCode Sync="TRUE">1</exTypeCode></geoBox><descKeys><thesaName uuidref="723f6998-058e-11dc-8314-0800200c9a66"></thesaName><keyword Sync="TRUE">002</keyword></descKeys></dataIdInfo><distInfo><distributor><distorTran><onLineSrc><linkage Sync="TRUE">file://Service=sde:sqlserver:MERCATOR; Database=FES_Tree_Inventory; User=sde; Version=sde.DEFAULT</linkage><protocol Sync="TRUE">Local Area Network</protocol><orDesc Sync="TRUE">002</orDesc></onLineSrc><transSize Sync="TRUE">0.000</transSize></distorTran><distorFormat><formatName Sync="TRUE">SDE Raster Dataset</formatName></distorFormat></distributor><distFormat><formatName Sync="TRUE">Raster Dataset</formatName></distFormat></distInfo><distinfo><resdesc Sync="TRUE">Downloadable Data</resdesc><stdorder><digform><digtinfo><transize Sync="TRUE">0.000</transize><dssize Sync="TRUE">0.000</dssize></digtinfo></digform></stdorder></distinfo><spdoinfo><direct Sync="TRUE">Raster</direct><rastinfo><rasttype Sync="TRUE">Pixel</rasttype><rowcount Sync="TRUE">11945</rowcount><colcount Sync="TRUE">11846</colcount><rastxsz Sync="TRUE">3.280833</rastxsz><rastysz Sync="TRUE">3.280833</rastysz><rastbpp Sync="TRUE">8</rastbpp><vrtcount Sync="TRUE">1</vrtcount><rastorig Sync="TRUE">Upper Left</rastorig><rastcmap Sync="TRUE">TRUE</rastcmap><rastcomp Sync="TRUE">LZ77</rastcomp><rastband Sync="TRUE">1</rastband><rastdtyp Sync="TRUE">pixel codes</rastdtyp><rastplyr Sync="TRUE">TRUE</rastplyr><rastifor Sync="TRUE">FGDBR</rastifor></rastinfo></spdoinfo><spref><horizsys><cordsysn><geogcsn Sync="TRUE">GCS_North_American_1983</geogcsn><projcsn Sync="TRUE">NAD_1983_StatePlane_Connecticut_FIPS_0600_Feet</projcsn></cordsysn><planar><planci><plance Sync="TRUE">row and column</plance><plandu Sync="TRUE">survey feet</plandu><coordrep><absres Sync="TRUE">3.280833</absres><ordres Sync="TRUE">3.280833</ordres></coordrep></planci></planar><geodetic><horizdn Sync="TRUE">North American Datum of 1983</horizdn><ellips Sync="TRUE">Geodetic Reference System 80</ellips><semiaxis Sync="TRUE">6378137.000000</semiaxis><denflat Sync="TRUE">298.257222</denflat></geodetic></horizsys><vertdef><altsys><altenc Sync="TRUE">Explicit elevation coordinate included with horizontal coordinates</altenc><altres Sync="TRUE">1.000000</altres></altsys></vertdef></spref><refSysInfo><RefSystem><refSysID><identCode Sync="TRUE" code="2234">NAD_1983_StatePlane_Connecticut_FIPS_0600_Feet</identCode><idCodeSpace Sync="TRUE">EPSG</idCodeSpace><idVersion Sync="TRUE">5.3(9.0.0)</idVersion></refSysID></RefSystem></refSysInfo><spatRepInfo><GridSpatRep><numDims Sync="TRUE">2</numDims><cellGeo><CellGeoCd Sync="TRUE" value="002"></CellGeoCd></cellGeo><tranParaAv Sync="TRUE">1</tranParaAv><axDimProps><Dimen><dimName><DimNameTypCd Sync="TRUE" value="002"></DimNameTypCd></dimName><dimSize Sync="TRUE">11846</dimSize><dimResol><value Sync="TRUE">3.280833</value><uom><UomLength><uomName Sync="TRUE">Foot_US</uomName><conversionToISOstandardUnit Sync="TRUE">1 Foot_US = 0.304801 Meter(s)</conversionToISOstandardUnit></UomLength></uom></dimResol></Dimen><Dimen><dimName><DimNameTypCd Sync="TRUE" value="001"></DimNameTypCd></dimName><dimSize Sync="TRUE">11945</dimSize><dimResol><value Sync="TRUE">3.280833</value><uom><UomLength><uomName Sync="TRUE">Foot_US</uomName><conversionToISOstandardUnit Sync="TRUE">1 Foot_US = 0.304801 Meter(s)</conversionToISOstandardUnit></UomLength></uom></dimResol></Dimen></axDimProps></GridSpatRep><Georect><cellGeo><CellGeoCd Sync="TRUE" value="002"></CellGeoCd></cellGeo><numDims Sync="TRUE">2</numDims><tranParaAv Sync="TRUE">1</tranParaAv><chkPtAv Sync="TRUE">0</chkPtAv><cornerPts><pos Sync="TRUE">931314.647093 649930.609992</pos></cornerPts><cornerPts><pos Sync="TRUE">931314.647093 689120.163760</pos></cornerPts><cornerPts><pos Sync="TRUE">970179.398364 689120.163760</pos></cornerPts><cornerPts><pos Sync="TRUE">970179.398364 649930.609992</pos></cornerPts><centerPt><pos Sync="TRUE">950747.022729 669525.386876</pos></centerPt><axisDimension type="002"><dimSize Sync="TRUE">11846</dimSize><dimResol><value Sync="TRUE" uom="ftUS">3.280833</value></dimResol></axisDimension><axisDimension type="001"><dimSize Sync="TRUE">11945</dimSize><dimResol><value Sync="TRUE" uom="ftUS">3.280833</value></dimResol></axisDimension><ptInPixel><PixOrientCd Sync="TRUE" value="001"></PixOrientCd></ptInPixel></Georect></spatRepInfo><eainfo><detailed Name="New_Haven_LULC.tif.vat"><enttyp><enttypl Sync="TRUE">New_Haven_LULC.tif.vat</enttypl><enttypt Sync="TRUE">Table</enttypt><enttypc Sync="TRUE">7</enttypc></enttyp><attr><attrlabl Sync="TRUE">OID</attrlabl><attalias Sync="TRUE">OID</attalias><attrtype Sync="TRUE">OID</attrtype><attwidth Sync="TRUE">4</attwidth><atprecis Sync="TRUE">0</atprecis><attscale Sync="TRUE">0</attscale><attrdef Sync="TRUE">Internal feature number.</attrdef><attrdefs Sync="TRUE">Esri</attrdefs><attrdomv><udom Sync="TRUE">Sequential unique whole numbers that are automatically generated.</udom></attrdomv></attr><attr><attrlabl Sync="TRUE">Value</attrlabl><attalias Sync="TRUE">Value</attalias><attrtype Sync="TRUE">Integer</attrtype><attwidth Sync="TRUE">10</attwidth><atprecis Sync="TRUE">10</atprecis><attscale Sync="TRUE">0</attscale></attr><attr><attrlabl Sync="TRUE">Count_</attrlabl><attalias Sync="TRUE">Count_</attalias><attrtype Sync="TRUE">Double</attrtype><attwidth Sync="TRUE">19</attwidth><atprecis Sync="TRUE">0</atprecis><attscale Sync="TRUE">0</attscale></attr><attr><attrlabl Sync="TRUE">Red</attrlabl><attalias Sync="TRUE">Red</attalias><attrtype Sync="TRUE">Double</attrtype><attwidth Sync="TRUE">19</attwidth><atprecis Sync="TRUE">0</atprecis><attscale Sync="TRUE">0</attscale></attr><attr><attrlabl Sync="TRUE">Green</attrlabl><attalias Sync="TRUE">Green</attalias><attrtype Sync="TRUE">Double</attrtype><attwidth Sync="TRUE">19</attwidth><atprecis Sync="TRUE">0</atprecis><attscale Sync="TRUE">0</attscale></attr><attr><attrlabl Sync="TRUE">Blue</attrlabl><attalias Sync="TRUE">Blue</attalias><attrtype Sync="TRUE">Double</attrtype><attwidth Sync="TRUE">19</attwidth><atprecis Sync="TRUE">0</atprecis><attscale Sync="TRUE">0</attscale></attr></detailed><overview><dsoverv>Seven land cover classes were mapped: (1) tree canopy, (2) grass/shrub, (3) bare earth, (4) water, (5) buildings, (6) roads, and (7) other paved surfaces.</dsoverv></overview></eainfo><contInfo><ImgDesc><contentTyp><ContentTypCd Sync="TRUE" value="002"></ContentTypCd></contentTyp><covDim><Band><dimDescrp Sync="TRUE">Band_1</dimDescrp><maxVal Sync="TRUE">7.000000</maxVal><minVal Sync="TRUE">1.000000</minVal><bitsPerVal Sync="TRUE">8</bitsPerVal><valUnit><UOM type="length"></UOM></valUnit></Band></covDim></ImgDesc></contInfo></metadata>
