<metadata xml:lang="en"><Esri><CreaDate>20101115</CreaDate><CreaTime>14592700</CreaTime><ArcGISFormat>1.0</ArcGISFormat><ArcGISstyle>Item Description</ArcGISstyle><SyncOnce>FALSE</SyncOnce><DataProperties><itemProps><itemName Sync="TRUE">LULC_Codes</itemName><imsContentType Sync="TRUE">002</imsContentType><itemLocation><linkage Sync="TRUE">file://\\VBOXSVR\maples\Box Sync\SGC_Intro_GIS_Series\Raster with QGIS\Data\Tables\LULC_Codes.dbf</linkage><protocol Sync="TRUE">Local Area Network</protocol></itemLocation><itemSize Sync="TRUE">0.000</itemSize></itemProps><lineage><Process ToolSource="C:\Program Files (x86)\ArcGIS\Desktop10.0\ArcToolbox\Toolboxes\Conversion Tools.tbx\TableToTable" Date="20101115" Time="145927">TableToTable "\\map13\d$\Patrons_and_Projects\Stacey.Maples\Workshops\2009 Workshops\01 - Introduction to GIS\Working\LULC_Lookup_Table.dbf" "E:\GIS_Projects\Instruction\Yale Workshops\Raster\Raster.gdb" LULC_Codes # "CODE "CODE" true true false 4 Float 2 3 ,First,#,\\map13\d$\Patrons_and_Projects\Stacey.Maples\Workshops\2009 Workshops\01 - Introduction to GIS\Working\LULC_Lookup_Table.dbf,CODE,-1,-1;LULC "LULC" true true false 14 Text 0 0 ,First,#,\\map13\d$\Patrons_and_Projects\Stacey.Maples\Workshops\2009 Workshops\01 - Introduction to GIS\Working\LULC_Lookup_Table.dbf,LULC,-1,-1" #</Process><Process ToolSource="c:\program files (x86)\arcgis\desktop10.4\ArcToolbox\Toolboxes\Conversion Tools.tbx\TableToTable" Date="20161120" Time="133814">TableToTable "\\VBOXSVR\maples\Box Sync\SGC_Intro_GIS_Series\Raster\EX_05_Raster\Raster.gdb\LULC_Codes" "\\VBOXSVR\maples\Box Sync\SGC_Intro_GIS_Series\Raster with QGIS\Data\Tables" LULC_Codes.dbf # "CODE "CODE" true true false 4 Float 0 0 ,First,#,\\VBOXSVR\maples\Box Sync\SGC_Intro_GIS_Series\Raster\EX_05_Raster\Raster.gdb\LULC_Codes,CODE,-1,-1;LULC "LULC" true true false 14 Text 0 0 ,First,#,\\VBOXSVR\maples\Box Sync\SGC_Intro_GIS_Series\Raster\EX_05_Raster\Raster.gdb\LULC_Codes,LULC,-1,-1" #</Process></lineage></DataProperties><SyncDate>20161120</SyncDate><SyncTime>13381400</SyncTime><ModDate>20161120</ModDate><ModTime>13381400</ModTime></Esri><dataIdInfo><envirDesc Sync="TRUE">Microsoft Windows 7 Version 6.1 (Build 7601) Service Pack 1; Esri ArcGIS 10.4.1.5686</envirDesc><dataLang><languageCode value="eng" country="USA"></languageCode><countryCode value="USA" Sync="TRUE"></countryCode></dataLang><idCitation><resTitle Sync="TRUE">LULC_Codes</resTitle><presForm><PresFormCd value="011"></PresFormCd></presForm></idCitation><spatRpType><SpatRepTypCd value="003" Sync="TRUE"></SpatRepTypCd></spatRpType><descKeys><thesaName uuidref="723f6998-058e-11dc-8314-0800200c9a66"></thesaName><keyword Sync="TRUE">002</keyword></descKeys></dataIdInfo><mdLang><languageCode value="eng"></languageCode><countryCode value="USA" Sync="TRUE"></countryCode></mdLang><distInfo><distFormat><formatName Sync="TRUE">dBASE Table</formatName></distFormat><distTranOps><transSize Sync="TRUE">0.000</transSize></distTranOps></distInfo><mdHrLv><ScopeCd value="007"></ScopeCd></mdHrLv><mdHrLvName Sync="TRUE">dataset</mdHrLvName><eainfo><detailed Name="LULC_Codes"><enttyp><enttypl Sync="TRUE">LULC_Codes</enttypl><enttypt Sync="TRUE">Table</enttypt><enttypc Sync="TRUE">0</enttypc></enttyp><attr><attrlabl Sync="TRUE">OID</attrlabl><attalias Sync="TRUE">OID</attalias><attrtype Sync="TRUE">OID</attrtype><attwidth Sync="TRUE">4</attwidth><atprecis Sync="TRUE">0</atprecis><attscale Sync="TRUE">0</attscale><attrdef Sync="TRUE">Internal feature number.</attrdef><attrdefs Sync="TRUE">Esri</attrdefs><attrdomv><udom Sync="TRUE">Sequential unique whole numbers that are automatically generated.</udom></attrdomv></attr><attr><attrlabl Sync="TRUE">CODE</attrlabl><attalias Sync="TRUE">CODE</attalias><attrtype Sync="TRUE">Single</attrtype><attwidth Sync="TRUE">13</attwidth><atprecis Sync="TRUE">0</atprecis><attscale Sync="TRUE">0</attscale></attr><attr><attrlabl Sync="TRUE">LULC</attrlabl><attalias Sync="TRUE">LULC</attalias><attrtype Sync="TRUE">String</attrtype><attwidth Sync="TRUE">14</attwidth><atprecis Sync="TRUE">0</atprecis><attscale Sync="TRUE">0</attscale></attr></detailed></eainfo><mdDateSt Sync="TRUE">20161120</mdDateSt></metadata>
